explorer,model,seed,mean_1st_dim,var_1st_dim,time,jitter_std,n_logprob,n_steps,miness,minKSess,acceptance_prob,step_size,n_rounds,energy_jump_dist
AutoStep RWMH,funnel100,1,-1.8374334346863266,4.529267378718101,1.324326417,0.0,318633,0,68.0289262015824,8.063149234740822,0.49658325568433115,0.09375,15,-0.0007287848250049846
AutoStep MALA,funnel100,1,0.19212307452310745,8.044934748684334,37.37053271,0.0,304316,608632,125.09872016297766,485.72856115718406,0.7473557099763654,0.5,15,0.0010843810373529126
adaptive RWMH,funnel100,1,0.02838155922518569,0.9785393750770056,3.110995418,0.0,131068,0,NaN,2.9224915652840857,0.0,0.0,15,0.0
adaptive MALA,funnel100,1,-0.0030104576984983076,0.008725648449705678,11.359377250000001,0.0,131068,65534,70.77215691005952,22.484763752791686,0.999267578125,0.1,15,0.7258133031054679
NUTS,funnel100,1,0.051367525384628035,1.4120549521553734,79.13795366599999,0.0,131068,1063717,1103.6552908731624,3739.906871510087,0.819691165435824,0.2726606816700289,15,8.303477090787187
