explorer,model,seed,mean_1st_dim,var_1st_dim,time,jitter_std,n_logprob,n_steps,miness,minKSess,acceptance_prob,step_size,n_rounds,energy_jump_dist
adaptive RWMH,mRNA,1,0.4058885801208863,5.853477619003297,1.157244126,0.0,124,0,1.6507117702494913,0.0,0.03225806451612903,0.0,5,0.5080234201107656
adaptive MALA,mRNA,1,0.0,0.0,1.470114167,0.0,124,62,NaN,0.0,0.0,0.1,5,0.0
NUTS,mRNA,1,0.8011126611323391,1.6265661807478695,2.5220353340000004,0.0,124,1717,1.1401713570077459,0.0,0.11562547356155299,0.08860967069854403,5,0.018605382464424874
DRHMC,mRNA,1,0.0,0.0,0.562664457,0.0,0,620,NaN,0.0,1.0,0.1,5,0.0
AutoStep RWMH,mRNA,1,-0.5000000000000056,5.843813196726199e-29,0.17434075,3.656249999999999,6258,3078,1.6498224904088208,0.0,0.4338259380663471,1.3692543602013449e-5,5,5.616129783447833e-10
AutoStep MALA,mRNA,1,-0.4999999999999962,1.5119171331163797e-31,0.551699457,1.2656250000000002,12656,3102,NaN,0.0,0.2536094220944667,1.102585454541814e-5,5,4.2746250983327634e-11
HitAndRunSlicer,mRNA,1,0.3787132250854828,1.2340731244842313,0.006414166000000001,0.0,3018,1722,0.31753370640328515,0.0,1.0,10.0,5,459.94431608710335
