explorer,model,seed,mean_1st_dim,var_1st_dim,time,jitter_std,n_logprob,n_steps,miness,minKSess,acceptance_prob,step_size,n_rounds,energy_jump_dist
AutoStep RWMH,funnel100,1,-0.5538217211841877,0.010891920379228488,0.7593095,0.0,181136,0,34.30836457546434,2.5402126711639945,0.566744365882784,0.01220703125,14,-0.0008651731715652597
AutoStep MALA,funnel100,1,-1.5918969805433025,0.07957480224327848,20.415927873999998,0.0,175354,350708,36.62815789498622,1.9895039110807746,0.7396025980862355,0.015625,14,0.0013966425147232536
adaptive RWMH,funnel100,1,0.02838155922518569,0.9785393750770056,2.840337123,0.0,65532,0,NaN,2.9224915652840857,0.0,0.0,14,0.0
adaptive MALA,funnel100,1,0.00023539806642243117,0.020639771504360766,6.435210708,0.0,65532,32766,41.55592943961566,2.43141133415421,0.176025390625,0.1,14,0.5995400858867963
NUTS,funnel100,1,-0.30714869850134563,9.651321018708597,50.473640458,0.0,65532,716127,39.20658099957625,4.058233717347752,0.7935840287489175,0.18575183786763716,14,5.641764115999631
