explorer,model,seed,mean_1st_dim,var_1st_dim,time,jitter_std,n_logprob,n_steps,miness,minKSess,acceptance_prob,step_size,n_rounds,energy_jump_dist
AutoStep MALA,funnel100,1,0.8589697307880338,6.027323480856294,45.763260290999995,0.0,321800,643600,86.37479836923073,229.84154540183093,0.7726179300090982,0.375,15,0.00035613180200481064
NUTS,funnel100,1,-0.04543142564566934,0.42139945291360775,78.948828126,0.0,131068,1199840,323.6606703194475,1578.344377379729,0.7037690469449346,0.22212724675544426,15,7.646378206858526
