explorer,mean_1st_dim,var_1st_dim,time,jitter_std,n_logprob,n_steps,miness,minKSess,acceptance_prob,step_size,n_rounds,energy_jump_dist
adaptive RWMH,-0.20259294847438386,0.06633412730038778,0.7527445400000001,0.0,4092,0,4.167924884293259,3.7438245656601548,0.05571847507331378,0.0,10,0.06078793396521085
adaptive MALA,-0.003040200423679737,0.018894103187385672,0.17704729300000002,0.0,4092,2046,4.253649111502168,3.5139558079880877,0.5234375,0.1,10,0.32661550216788937
NUTS,-3.288609707834526,24.945530317335034,0.696951583,0.0,4092,47850,3.0301038109702656,3.6405632513111885,0.6056844449273487,0.09138496639846258,10,0.54589339388818
DRHMC,-0.09325268241451072,0.029440581147860002,4.651171708,0.0,8572,77820,7.328744489599959,3.421713086476143,0.990234375,0.1,10,0.23047908519413685
AutoStep RWMH,0.26220541371292677,0.03131428763798513,0.016309038999999997,0.23388671875000028,30918,14855,16.68427017355492,1.40334072111309,0.5004476371601929,0.1877538065404617,10,0.2224431538338676
AutoStep MALA,0.04092997280665521,0.0761407800661663,0.35097354199999997,0.4086914062499994,60252,13017,5.39043103262221,2.285198352565709,0.5495998494656232,0.10468601458723048,10,0.143781968274217
HitAndRunSlicer,-0.7005397330283143,0.22442666485493765,0.077210583,0.0,127269,83110,3.4940845304383026,3.3917220528975163,1.0,10.0,10,0.7828974732279932
