explorer,model,mean_1st_dim,var_1st_dim,time,jitter_std,n_logprob,n_steps,miness,minKSess,acceptance_prob,step_size,n_rounds,energy_jump_dist
adaptive RWMH,funnel2,-2.768606107638072,26.39991505711809,0.9518819980000002,0.0,262140,0,177.3367856993045,12.911297196218966,0.20665293354695963,0.0,16,0.1570376048280508
adaptive MALA,funnel2,0.030057122005302216,0.00010669571170121583,0.835767293,0.0,262140,131070,135.97723756467894,13.547152796018267,0.855926513671875,0.1,16,0.20290281890564504
NUTS,funnel2,4118.307205689745,3.382819421399518e7,9.812805874,0.0,262140,5896688,83.0383123583064,0.9320824239977165,0.6316677311732878,0.03202467988319327,16,0.4762805294898864
DRHMC,funnel2,-1.4579204645041133,4.324876441840922,105.822531956,0.0,12516,1393500,NaN,1.0811185403682892,1.0,0.1,16,0.0
AutoStep RWMH,funnel2,0.5515385383720347,2.534573722328644,1.305126,0.3030700683593736,3043852,1655188,138.36818075070047,2.6076380001898207,0.5444998701454182,0.019227111985037657,16,0.14972901716975937
AutoStep MALA,funnel2,0.4910884349921551,1.724809313062224,4.9328235419999995,0.2047805786132822,4338540,953565,134.84857431112655,2.62395254468678,0.60163602712506,0.07282363358752748,16,0.12223507917927061
HitAndRunSlicer,funnel2,0.24730766733350049,7.178583983892278,4.4895432479999995,0.0,9770294,5926361,169.01220542510478,5.404376194076002,0.9999643974264414,10.0,16,0.8448829861265835
